Title,Year,Age
"Breaking Bad",2008,18
"Stranger Things",2016,16
"Attack on Titan",2013,18
"Better Call Saul",2015,18
"Dark",2017,16
"Avatar: The Last Airbender",2005,7
"Peaky Blinders",2013,18
"The Walking Dead",2010,18
"Black Mirror",2011,18
"The Queen's Gambit",2020,18
"Mindhunter",2017,18
"Community",2009,7
"Narcos",2015,18
"Shameless",2011,18
"Money Heist",2017,18
"Marvel's Daredevil",2015,18
"Lucifer",2016,16
"Supernatural",2005,16
"The Witcher",2019,18
"Ozark",2017,18
"The Crown",2016,18
"Cobra Kai",2018,16
"The Blacklist",2013,16
"The Flash",2014,16
"Outlander",2014,18
"Fullmetal Alchemist: Brotherhood",2009,16
"The Good Place",2016,16
"House of Cards",2013,18
"Atypical",2017,16
"Grey's Anatomy",2005,16
"Arrested Development",2003,16
"Lupin",2021,18
"The Umbrella Academy",2019,16
"Orange Is the New Black",2013,18
"The Vampire Diaries",2009,16
"Demon Slayer: Kimetsu no Yaiba",2019,18
"The Last Dance",2020,16
"American Horror Story",2011,18
"Elite",2018,18
"BoJack Horseman",2014,18
"Star Trek: The Next Generation",1987,7
"Broadchurch",2013,18
"The IT Crowd",2006,16
"When They See Us",2019,18
"Love, Death & Robots",2019,18
"Schitt's Creek",2015,16
"Marvel's Agents of S.H.I.E.L.D.",2013,16
"Never Have I Ever",2020,16
"The 100",2014,16
"American Crime Story",2016,18
"The Last Kingdom",2015,18
"The End of the F***ing World",2017,18
"New Girl",2011,16
"Penny Dreadful",2014,18
"One Piece",1999,7
"Marvel's The Punisher",2017,18
"Evil",2019,18
"YOU",2018,18
"Sense8",2015,18
"Making a Murderer",2015,16
"Unbelievable",2019,18
"Arrow",2012,16
"Sex Education",2019,18
"Marvel's Jessica Jones",2015,18
"Sweet Tooth",2021,16
"Good Girls",2018,16
"Death Note",2006,16
"Gilmore Girls",2000,16
"The Legend of Korra",2012,7
"How to Get Away with Murder",2014,16
"Master of None",2015,18
"Chappelle's Show",2003,18
"One-Punch Man",2015,7
"Downton Abbey",2010,16
"Gotham",2014,16
"Pose",2018,18
"Bodyguard",2018,18
"Altered Carbon",2018,18
"Ash vs Evil Dead",2015,18
"The Sinner",2017,16
"Narcos: Mexico",2018,18
"Shadow and Bone",2021,16
"Castlevania",2017,18
"Star Trek",1966,7
"The Kominsky Method",2018,18
"Hunter x Hunter",2011,16
"Dead to Me",2019,18
"The Haunting of Hill House",2018,18
"Russian Doll",2019,18
"Kingdom",2019,18
"Neon Genesis Evangelion",1995,16
"Naruto",2002,7
"NCIS",2003,16
"Manifest",2018,16
"Halt and Catch Fire",2014,16
"Monty Python's Flying Circus",1969,16
"After Life",2019,18
"Riverdale",2017,16
"Big Mouth",2017,18
"I Think You Should Leave with Tim Robinson",2019,18
"Derry Girls",2018,16
"The Promised Neverland",2019,18
"Lost in Space",2018,7
"Star Trek: Deep Space Nine",1993,7
"Jane the Virgin",2014,16
"Godless",2017,18
"The OA",2016,18
"DC's Legends of Tomorrow",2016,16
"Sacred Games",2018,18
"iZombie",2015,16
"Longmire",2012,16
"Happy Endings",2011,16
"Into the Badlands",2015,16
"The Originals",2013,16
"Grace and Frankie",2015,18
"Chilling Adventures of Sabrina",2018,16
"Queen of the South",2016,16
"A Series of Unfortunate Events",2017,7
"Unorthodox",2020,18
"Stargate SG-1",1997,13
"Outer Banks",2020,18
"13 Reasons Why",2017,18
"Unbreakable Kimmy Schmidt",2015,16
"Marvel's Luke Cage",2016,18
"GLOW",2017,18
"Borgen",2010,18
"The 4400",2004,7
"Alias Grace",2017,18
"All American",2018,16
"Santa Clarita Diet",2017,18
"Reign",2013,16
"Maniac",2018,18
"Dark Matter",2015,18
"Star Trek: Voyager",1995,7
"Tiger King: Murder, Mayhem and Madness",2020,18
"Call the Midwife",2012,16
"Queer Eye",2018,16
"American Vandal",2017,16
"Wynonna Earp",2016,16
"Marvel's The Defenders",2017,18
"HAPPY!",2017,18
"Haikyu!!",2014,16
"Colony",2016,16
"Heartland",2007,7
"Alone",2015,16
"Marco Polo",2014,18
"Wild Wild Country",2018,16
"The Dragon Prince",2018,7
"Locke & Key",2020,16
"Love",2016,18
"One Day at a Time",2017,7
"Feel Good",2020,18
"Fauda",2015,16
"The Dark Crystal: Age of Resistance",2019,7
"Top Boy",2011,18
"I Am Not Okay with This",2020,18
"Supergirl",2015,16
"The Shannara Chronicles",2016,16
"Designated Survivor",2016,7
"Travelers",2016,16
"StartUp",2016,18
"Ripper Street",2012,18
"Episodes",2011,18
"Crazy Ex-Girlfriend",2015,16
"Bloodline",2015,18
"Black Summer",2019,18
"The Borgias",2011,18
"Glee",2009,16
"The Stranger",2020,18
"Virgin River",2019,16
"Lilyhammer",2012,18
"Dirty John",2018,18
"TURN: Washington's Spies",2014,16
"Star Trek: Enterprise",2001,7
"Merlin",2008,7
"The Magicians",2015,16
"Ginny & Georgia",2021,16
"The Spy",2019,18
"On My Block",2018,16
"The Movies That Made Us",2019,18
"Biohackers",2020,18
"The Seven Deadly Sins",2014,16
"The Keepers",2017,16
"F is for Family",2015,18
"The Midnight Gospel",2020,18
"Ragnarok",2020,18
"Legacies",2018,16
"The Order",2019,18
"Disenchantment",2018,16
"Dead Set",2008,18
"Dirty Money",2018,16
"The Staircase",2005,16
"Soul Eater",2008,16
"Into the Night",2020,18
"Julie and the Phantoms",2020,7
"Leyla ile Mecnun",2011,7
"Living with Yourself",2019,18
"Hilda",2018,7
"The Mechanism",2018,18
"ERASED",2016,16
"Formula 1: Drive to Survive",2019,16
"Don't F**k with Cats: Hunting an Internet Killer",2019,18
"Kim's Convenience",2016,16
"The Society",2019,18
"Imposters",2017,16
"Frequency",2016,7
"Wentworth",2013,18
"Marvel's Iron Fist",2017,18
"Bleach",2004,18
"Quantico",2015,16
"Shooter",2016,16
"Pokemon",1997,7
"Hollywood",2020,18
"Madam Secretary",2014,16
"Last Tango in Halifax",2012,16
"Safe",2018,18
"Resurrection: Ertugrul",2014,16
"Versailles",2015,18
"Sex/Life",2021,18
"Fullmetal Alchemist",2003,16
"Marianne",2019,18
"Five Came Back",2017,16
"Miraculous: Tales of Ladybug & Cat Noir",2015,7
"Abstract: The Art of Design",2017,16
"Teenage Bounty Hunters",2020,18
"Documentary Now!",2015,18
"Special",2019,18
"JoJo's Bizarre Adventure",2012,18
"Manhunt",2017,16
"Your Lie in April",2014,7
"Code Geass: Lelouch of the Rebellion",2006,18
"Middleditch & Schwartz",2020,18
"Zoo",2015,16
"Jupiters Legacy",2021,18
"Ratched",2020,18
"Babylon Berlin",2017,18
"Evil Genius",2018,18
"Doctor Foster",2015,16
"Marcella",2016,18
"Survivor",2000,7
"Derek",2013,7
"3%",2016,18
"Tuca & Bertie",2019,18
"Parasyte -the maxim-",2014,18
"Last Chance U",2016,16
"Trailer Park Boys",2001,18
"Black Lightning",2018,16
"Chicago Med",2015,16
"How to Sell Drugs Online (Fast)",2019,18
"Secret City",2016,18
"Dynasty",2017,16
"Dracula",2020,18
"Space Force",2020,18
"Pretend It's a City",2021,16
"Masters of the Universe: Revelation",2021,7
"Who Killed Sara?",2021,18
"Sword Art Online",2012,18
"Paranormal",2020,7
"Frontier",2016,18
"The Politician",2019,16
"Raising Dion",2019,7
"Food Wars! Shokugeki no Soma",2015,18
"Crash Landing on You",2019,16
"Seven Seconds",2018,18
"The Great British Bake Off",2010,7
"Wizards: Tales of Arcadia",2020,7
"Conversations with a Killer: The Ted Bundy Tapes",2019,18
"Fate: The Winx Saga",2021,18
"The Circle",2020,18
"Cheer",2020,16
"Hemlock Grove",2013,18
"Transformers: War for Cybertron: Siege",2020,16
"Explained",2018,16
"Messiah",2020,18
"Sky Rojo",2021,18
"Bonding",2019,18
"I'm Sorry",2017,7
"Katla",2021,18
"It's Okay to Not Be Okay",2020,16
"Forensic Files",1996,16
"Workin' Moms",2017,18
"The Toys That Made Us",2017,16
"The Devil Next Door",2019,18
"Kipo and the Age of Wonderbeasts",2020,7
"Roswell, New Mexico",2019,16
"Night Stalker: The Hunt For a Serial Killer",2021,18
"Glitch",2015,16
"Great Pretender",2020,18
"InuYasha",2000,16
"In the Dark",2019,16
"GHOUL",2018,18
"Nailed It!",2018,7
"Voltron: Legendary Defender",2016,7
"Trollhunters: Tales of Arcadia",2016,7
"Sweet Magnolias",2020,16
"Medici: Masters of Florence",2016,7
"Aggretsuko",2018,16
"Jurassic World: Camp Cretaceous",2020,7
"Rake",2010,16
"The Gift",2019,18
"Violet Evergarden",2018,16
"3Below: Tales of Arcadia",2018,7
"Jeffrey Epstein: Filthy Rich",2020,18
"Dawson's Creek",1998,7
"Private Practice",2007,16
"Beauty and the Beast",2012,7
"Daybreak",2019,18
"Easy",2016,18
"Behind Her Eyes",2021,18
"Collateral",2018,18
"Knightfall",2017,16
"The Confession Killer",2019,16
"Sophie: A Murder In West Cork",2021,18
"Call My Agent!",2015,16
"My Little Pony: Friendship Is Magic",2010,7
"Leah Remini: Scientology and the Aftermath",2016,16
"Containment",2016,16
"Z Nation",2014,16
"Emily in Paris",2020,18
"Victorious",2010,7
"Scream: The TV Series",2015,16
"Akame ga Kill!",2014,18
"Warrior Nun",2020,18
"Bad Blood",2017,18
"Young & Hungry",2014,16
"Caliphate",2020,18
"Good Witch",2015,7
"Gilmore Girls: A Year in the Life",2016,16
"Aquarius",2015,16
"Firefly Lane",2021,18
"White Gold",2017,18
"Hyperdrive",2019,7
"BEASTARS",2019,18
"Kill la Kill",2013,18
"Down to Earth with Zac Efron",2020,7
"Ancient Aliens",2010,7
"Slasher",2016,18
"Time: The Kalief Browder Story",2017,16
"Away",2020,16
"No Tomorrow",2016,7
"Locked Up",2015,18
"The Frankenstein Chronicles",2015,16
"The Ranch",2016,16
"Cursed",2020,18
"Wu Assassins",2019,18
"Mr. Sunshine",2018,18
"The Unicorn",2019,7
"Anohana: The Flower We Saw That Day",2011,16
"The Challenge",1998,16
"Gypsy",2017,18
"Fuller House",2016,7
"Killer Inside: The Mind of Aaron Hernandez",2020,18
"RESIDENT EVIL: Infinite Darkness",2021,18
"1983",2018,18
"Wet Hot American Summer: First Day of Camp",2015,16
"The Baker and the Beauty",2020,16
"Spinning Out",2020,18
"Trinkets",2019,18
"Insatiable",2018,18
"The Chalet",2018,18
"We Bare Bears",2015,7
"Gurren Lagann",2007,16
"Friends from College",2017,18
"Jericho",2006,16
"Tidelands",2018,18
"Dear White People",2017,18
"Dare Me",2019,18
"Ouran High School Host Club",2006,16
"Scooby-Doo! Mystery Incorporated",2010,7
"The Untamed",2019,16
"Stranger",2017,18
"El Chapo",2017,18
"Great News",2017,7
"The Get Down",2016,16
"The Naked Director",2019,18
"Rise of Empires: Ottoman",2020,18
"Club de Cuervos",2015,18
"Toradora!",2008,16
"The Baby-Sitters Club",2020,7
"Carole & Tuesday",2019,7
"Van Helsing",2016,16
"The Night Shift",2014,16
"Pablo Escobar, The Drug Lord",2012,18
"No Game No Life",2014,16
"The King: Eternal Monarch",2020,16
"Eden",2021,7
"Stateless",2020,16
"High Score",2020,16
"Dash & Lily",2020,7
"The Confession Tapes",2017,16
"Black Butler",2008,18
"The Rain",2018,18
"Love Is Blind",2020,18
"Trial by Media",2020,16
"Wormwood",2017,16
"Fear City: New York vs The Mafia",2020,18
"Sorjonen",2016,18
"Forged in Fire",2015,7
"Baby",2018,18
"The Disastrous Life of Saiki K.",2016,16
"The Innocence Files",2020,18
"BNA",2020,16
"The Mist",2017,16
"Halston",2021,18
"The Universe",2007,16
"Self Made: Inspired by the Life of Madam C.J. Walker",2020,18
"Shtisel",2013,16
"The Boss Baby: Back in Business",2018,7
"Puella Magi Madoka Magica",2011,16
"Sinatra: All or Nothing at All",2015,7
"Comedians in Cars Getting Coffee",2012,16
"Senora Acero",2014,16
"Dark Tourist",2018,18
"Criminal: UK",2019,18
"The Bureau of Magical Things",2018,7
"Cleverman",2016,16
"The Innocent Man",2018,18
"Norsemen",2016,18
"Pawn Stars",2009,7
"Inside Bill's Brain: Decoding Bill Gates",2019,16
"Damnation",2017,18
"From Dusk Till Dawn: The Series",2014,18
"Lovesick",2014,18
"Flint Town",2018,18
"Watership Down",2018,7
"Undercover",2019,18
"Rita",2012,16
"Dorohedoro",2020,18
"Maid Sama!",2010,16
"Mystery Science Theater 3000: The Return",2017,16
"Is It Wrong to Try to Pick Up Girls in a Dungeon?",2015,16
"Surviving R. Kelly",2019,18
"Saint Seiya",1986,7
"Flaked",2016,18
"Fate/Zero",2011,18
"Crazyhead",2016,16
"The Five",2016,7
"Requiem",2018,18
"The Valhalla Murders",2019,18
"Cardcaptor Sakura",1998,7
"Black Earth Rising",2018,16
"W/ Bob & David",2015,18
"The Trials of Gabriel Fernandez",2020,18
"She's Gotta Have It",2017,18
"Save Me",2018,16
"The Curse of Oak Island",2014,7
"Black",2017,16
"Ajin",2016,18
"Ink Master",2012,16
"Vampire Knight",2008,16
"Angel Beats!",2010,16
"Green Eggs and Ham",2019,7
"The Hollow",2018,7
"November 13: Attack on Paris",2018,18
"It's Bruno!",2019,7
"Wanted",2016,16
"Masum",2017,16
"Cable Girls",2017,18
"Lady Dynamite",2016,16
"Power Rangers",1993,7
"The Mire",2018,18
"Tabula Rasa",2017,18
"Clannad",2007,7
"Ugly Delicious",2018,18
"Fate/stay night [Unlimited Blade Works]",2014,18
"Man with a Plan",2016,7
"Rilakkuma and Kaoru",2019,7
"World War II In HD Colour",2009,7
"Boys Over Flowers",2009,16
"Meteor Garden",2018,16
"What's New, Scooby-Doo?",2002,7
"Sick Note",2017,18
"Girlboss",2017,18
"Quicksand",2019,18
"Rotten",2018,18
"The Irregulars",2021,18
"College Romance",2018,18
"Elite Short Stories: Carla Samuel",2021,18
"Bard of Blood",2019,18
"Charmed",2018,16
"The New Legends of Monkey",2018,7
"The Mind, Explained",2019,16
"Fast & Furious Spy Racers",2019,7
"Occupied",2015,16
"Toast of London",2013,16
"Patriot Act with Hasan Minhaj",2018,18
"Greatest Events of World War II in Colour",2019,16
"Offspring",2010,16
"Blown Away",2019,7
"60 Days In",2016,16
"Trese",2021,18
"Hot Girls Wanted: Turned On",2017,18
"The Heirs",2013,16
"The Curious Creations of Christine McConnell",2018,7
"Sailor Moon Crystal",2014,16
"La Reina del Sur",2011,18
"Pine Gap",2018,16
"Suburra: Blood on Rome",2017,18
"Taco Chronicles",2019,18
"She",2020,18
"Between",2015,16
"Velvet",2014,16
"Bobby Kennedy for President",2018,16
"Durarara!!",2010,16
"Hostages",2013,16
"Rhythm + Flow",2019,18
"Blue Exorcist",2011,16
"L.A.'s Finest",2019,16
"The Protector",2018,18
"Unsolved Mysteries",1987,7
"Too Hot to Handle",2020,18
"Are You The One?",2014,16
"Little Things",2016,18
"Still Game",2002,16
"Transformers: Prime",2010,7
"Tidying Up with Marie Kondo",2019,7
"Nightflyers",2018,18
"Love 101",2020,18
"Car Masters: Rust to Riches",2018,7
"WHAT / IF",2019,18
"Total Drama Island",2007,7
"Roman Empire",2016,16
"Deadwind",2018,18
"People Just Do Nothing",2014,18
"B: The Beginning",2018,18
"Somebody Feed Phil",2018,16
"Girl from Nowhere",2018,18
"Cocaine Coast",2018,18
"The Liberator",2020,7
"The Irregular at Magic High School",2014,16
"Hap and Leonard",2016,18
"Dark Desire",2020,18
"Seis Manos",2019,18
"Control Z",2020,18
"The House of Flowers",2018,18
"America's Next Top Model",2003,7
"Tribes of Europa",2021,18
"Somos.",2021,18
"The Great Heist",2020,18
"The One",2021,18
"Carmen Sandiego",2019,7
"The Chef Show",2019,18
"Traitors",2019,18
"Wet Hot American Summer: Ten Years Later",2017,16
"The Neighbor",2019,18
"Billy on the Street",2011,16
"October Faction",2020,18
"Start-Up",2020,16
"Night on Earth",2020,7
"DOTA: Dragon's Blood",2021,18
"The Break",2016,18
"The Letter for the King",2020,7
"Osmosis",2019,16
"Another Life",2019,18
"Ju-On: Origins",2020,18
"Diagnosis",2019,18
"The Eddy",2020,18
"Magi",2012,16
"Elite Short Stories: Guzman Caye Rebe",2021,18
"Memories of the Alhambra",2018,16
"Pacific Rim: The Black",2021,16
"V Wars",2019,18
"The Windsors",2016,18
"The Sons of Sam: A Descent Into Darkness",2021,18
"Sunderland 'Til I Die",2018,18
"Rebellion",2016,16
"The A List",2018,7
"Tales of the City",2019,16
"Disjointed",2017,18
"Gentefied",2020,16
"Wanderlust",2018,16
"Murder Among the Mormons",2021,16
"Home for Christmas",2019,18
"Paradise PD",2018,18
"The Bachelorette",2003,16
"Cold Case Files",1999,18
"Little Witch Academia",2017,7
"El marginal",2016,18
"Teasing Master Takagi-san",2018,7
"Kakegurui",2017,16
"Attenborough's Life in Colour",2021,7
"Mortel",2019,18
"Kath & Kim",2002,7
"Hoarders",2009,7
"Unsolved: The Murders of Tupac and The Notorious B.I.G.",2018,18
"My Next Guest Needs No Introduction With David Letterman",2018,18
"Record of Ragnarok",2021,18
"White Lines",2020,18
"Luis Miguel: The Series",2018,16
"Love, Chunibyo & Other Delusions",2012,16
"Kabaneri of the Iron Fortress",2016,18
"Sister, Sister",1994,7
"Greenhouse Academy",2017,7
"Mr. Iglesias",2019,16
"Hip Hop Evolution",2016,16
"The Game",2006,16
"Greenleaf",2016,18
"Life Sentence",2018,16
"Dogs of Berlin",2018,16
"Yasuke",2021,18
"Playing with Fire",2019,18
"Hello, My Twenties!",2016,16
"Sam & Cat",2013,7
"Girls from Ipanema",2019,16
"Elite Short Stories: Omar Ander Alexis",2021,18
"MEGALOBOX",2018,16
"K-ON!",2009,16
"The Family",2019,16
"The Good Cop",2018,16
"This is a Robbery: The World's Biggest Art Heist",2021,18
"Chambers",2019,16
"Selena: The Series",2020,7
"BAKI",2018,18
"Cells at Work!",2018,16
"Reckoning",2019,18
"Queen Sono",2020,18
"WWII in HD",2009,18
"I Am a Killer",2018,18
"One of Us",2016,18
"Cuckoo",2012,16
"March Comes in Like a Lion",2016,7
"Elize Matsunaga: Once Upon a Crime",2021,18
"High Seas",2019,16
"Man Down",2013,18
"Degrassi: Next Class",2016,7
"The Woods",2020,18
"Godzilla Singular Point",2021,16
"My Babysitter's a Vampire",2011,7
"Typewriter",2019,18
"Sonic X",2003,16
"Monthly Girls' Nozaki-kun",2014,7
"History of Swear Words",2021,18
"Dolly Parton's Heartstrings",2019,16
"Last Chance U: Basketball",2021,18
"Midnight Diner: Tokyo Stories",2016,16
"Immigration Nation",2020,16
"The Barrier",2020,16
"Cannon Busters",2019,18
"Something in the Rain",2018,7
"Haters Back Off",2016,7
"Young Wallander",2020,18
"Toy Boy",2019,18
"Jack Whitehall: Travels with My Father",2017,18
"The Joel McHale Show with Joel McHale",2018,18
"America's Book of Secrets",2012,7
"Kiss Me First",2018,18
"A Very Secret Service",2015,18
"Scissor Seven",2018,7
"Summertime",2020,18
"The K2",2016,16
"The King's Avatar",2017,7
"The Twelve",2019,16
"Vanished 46",2016,16
"Valor",2017,16
"Northern Rescue",2019,16
"Equinox",2020,18
"Code Lyoko",2003,7
"Champions",2018,16
"Dragons: Race to the Edge",2015,7
"Vexed",2010,7
"Family Business",2019,16
"Cathedral of the Sea",2018,16
"History 101",2020,7
"Cooked",2016,7
"Monarca",2019,18
"Indian Matchmaking",2020,16
"Perfume",2018,18
"Avlu",2018,18
"Wild District",2018,18
"Magic for Humans",2018,16
"50M2",2021,18
"Extracurricular",2020,18
"Tunnel",2017,16
"Marseille",2016,18
"Elite Short Stories: Nadia Guzman",2021,18
"The Rise of Phoenixes",2018,7
"Wakfu",2008,7
"How to Fix a Drug Scandal",2020,18
"Betaal",2020,18
"Sin Senos S? Hay Para?so",2016,16
"Japan Sinks: 2020",2020,18
"Girlfriends",2000,7
"Mobile Suit Gundam: Iron-Blooded Orphans",2015,18
"Curon",2020,18
"The Method",2015,18
"Amend: The Fight for America",2021,18
"The Crew",2021,16
"Sex Explained",2020,18
"Unauthorized Living",2018,18
"James Acaster: Repertoire",2018,18
"Blood & Water",2020,18
"Adventures of Sonic the Hedgehog",1993,7
"Rust Valley Restorers",2018,16
"Immortals",2018,7
"Cheese in the Trap",2016,16
"Terrace House: Boys & Girls in the City",2015,7
"My Secret Romance",2017,16
"Marlon",2017,7
"The Bonfire of Destiny",2019,16
"100 Days My Prince",2018,16
"Let's Eat",2013,16
"Kung Fu Panda: Legends of Awesomeness",2011,7
"Incomplete Life",2014,16
"When Heroes Fly",2018,7
"The Last O.G.",2018,7
"DC Super Hero Girls",2019,7
"Chelsea Does",2016,18
"Girlfriends' Guide to Divorce",2014,16
"Daniel Sloss: Live Shows",2018,18
"Case",2015,16
"Always a Witch",2019,16
"The Boulet Brothers' Dragula",2016,18
"Lovestruck in the City",2020,16
"Bitter Daisies",2018,18
"Selection Day",2018,16
"Bring It On, Ghost",2016,16
"(The Hook Up Plan)",2018,16
"Because This Is My First Life",2017,16
"Medal of Honor",2018,16
"Coronavirus, Explained",2020,7
"Teen Mom 2",2011,7
"Kantaro: The Sweet Tooth Salaryman",2017,7
"Al Hayba",2017,7
"Somewhere Between",2017,16
"Selling Sunset",2019,18
"Trailer Park Boys: The Animated Series",2019,18
"Ultraviolet",2017,18
"Ultraman",2019,16
"No Good Nick",2019,7
"Daughter From Another Mother",2021,18
"Tiny House Nation",2014,7
"High-Rise Invasion",2021,18
"Mystic Pop-up Bar",2020,16
"Glow Up: Britain's Next Make-Up Star",2019,16
"Falsa Identidad",2018,16
"Alien Worlds",2020,7
"Freud",2020,18
"God Eater",2015,16
"Netflix Presents: The Characters",2016,18
"Vampires",2020,18
"#blackAF",2020,18
"Sirius the Jaeger",2018,16
"Eternal Love",2017,7
"Murder Mountain",2018,16
"Dope",2017,16
"Troy: Fall of a City",2018,18
"Surviving Escobar - Alias JJ",2017,18
"Skylines",2019,16
"High Score Girl",2018,7
"Unit 42",2017,7
"The Velvet Collection",2017,16
"One on One",2001,16
"Monty Python: Almost the Truth (The Lawyer's Cut)",2009,7
"Voice",2017,16
"Queer Eye: We're in Japan!",2019,16
"Danger Mouse",1981,7
"Man Like Mobeen",2017,18
"X-Men",2011,16
"7SEEDS",2019,18
"Trigger Warning with Killer Mike",2019,16
"The Queen of Flow",2018,18
"The Upshaws",2021,16
"Huge in France",2019,16
"Reality Z",2020,18
"The Lost Pirate Kingdom",2021,18
"The I-Land",2019,18
"Ashes of Love",2018,7
"All Hail King Julien",2014,7
"The Day I Met El Chapo: The Kate del Castillo Story",2017,18
"Busted!",2018,16
"Song Exploder",2020,18
"Spycraft",2021,18
"Thieves of the Wood",2020,18
"Headspace Guide to Meditation",2021,7
"Record of Grancrest War",2018,18
"Abyss",2019,16
"Silver Spoon",2014,16
"Omniscient",2020,18
"Creeped Out",2017,7
"The Worst Witch",2017,7
"Diablero",2018,16
"The Daily Life of the Immortal King",2020,16
"My First First Love",2019,7
"The Mr. Peabody & Sherman Show",2015,7
"The Business of Drugs",2020,18
"Fresh, Fried & Crispy",2021,7
"Jiva!",2021,18
"Killer Ratings",2019,18
"Switched",2018,16
"Criminal: France",2019,7
"Bloodride",2020,18
"Country Comfort",2021,7
"The Disappearance of Madeleine McCann",2019,16
"Nobody's Looking",2019,18
"Inside the World's Toughest Prisons",2016,18
"Family Reunion",2019,7
"Borderliner",2017,18
"Kissing Game",2020,18
"Neo Yokio",2017,18
"Crazy Delicious",2020,7
"Zumbo's Just Desserts",2016,7
"Bad Guys",2014,18
"We Are the Wave",2019,18
"Okupas",2000,18
"Sword Art Online Alternative: Gun Gale Online",2018,16
"TIGER & BUNNY",2011,16
"The Queen and the Conqueror",2020,16
"Hoops",2020,18
"Crime Diaries: The Candidate",2019,18
"Zac & Mia",2017,16
"Men on a Mission",2015,16
"Girls Hostel",2018,7
"Power Rangers Dino Fury",2021,7
"Broken",2019,16
"We the People",2021,7
"Ares",2020,18
"The Duchess",2020,18
"Green Frontier",2019,18
"Nagi no Asukara",2013,7
"Luna Nera",2020,18
"Secrets of Great British Castles",2015,7
"Next in Fashion",2020,16
"Children of the Whales",2017,16
"Live",2018,16
"Hangar 1: The UFO Files",2015,7
"Valeria",2020,18
"Girls und Panzer",2012,16
"World's Most Wanted",2020,16
"The Adventures of Puss in Boots",2015,7
"MeatEater",2012,16
"Old Money",2015,7
"Heartbreak High",1994,7
"Breakfast, Lunch & Dinner",2019,18
"Trailer Park Boys: Out of the Park: Europe",2016,18
"Put Your Head on My Shoulder",2019,7
"Two Sentence Horror Stories",2019,16
"Shot in the Dark",2017,18
"Criminal: Spain",2019,7
"Half & Half",2002,7
"The Least Expected Day: Inside the Movistar Team 2019",2020,7
"The Honeymoon Stand Up Special",2018,16
"BREAK IT ALL: The History of Rock in Latin America",2020,18
"Rapture",2018,18
"Chef's Table: France",2016,16
"Wolverine",2011,16
"Accidentally In Love",2018,7
"Final Fantasy XIV: Dad of Light",2017,7
"Shadow",2019,7
"Sugar Rush",2018,7
"The Victims' Game",2020,18
"Leila",2019,16
"The Last Kids on Earth",2019,7
"Behind Enemy Lines",2001,13
"Dating Around",2019,16
"Haunted",2018,18
"Drug Lords",2018,18
"Jinn",2019,16
"Bling Empire",2021,18
"Ad Vitam",2018,7
"Girls Incarcerated",2018,18
"Bonus Family",2017,7
"The Club",2019,18
"Rabbids Invasion",2013,7
"Why Are You Like This?",2021,18
"Moesha",1996,7
"The Alc? sser Murders",2019,18
"Scare Tactics",2003,16
"(Un)Well",2020,18
"The Houseboat",2021,18
"The Stranded",2019,18
"Chelsea",2016,18
"Transformers: Rescue Bots",2012,7
"Stay Here",2018,7
"Murder Maps",2015,16
"Filinta: An Ottoman Policeman",2014,16
"White Rabbit Project",2016,7
"Mystery Lab",2020,7
"Pandemic: How to Prevent an Outbreak",2020,16
"Autumn's Concerto",2009,16
"Mobile Suit Gundam Unicorn",2010,16
"Moving Art",2007,7
"Bumping Mics with Jeff Ross & Dave Attell",2018,18
"Hardy Bucks",2010,7
"Hymn of Death",2018,18
"Ellen DeGeneres: Relatable",2018,16
"Brews Brothers",2020,18
"Spirit: Riding Free",2017,7
"Mismatched",2020,18
"The Cabin with Bert Kreischer",2020,18
"Instant Hotel",2018,7
"Dancing Queen",2018,7
"QB1: Beyond the Lights",2017,16
"Moving On",2009,7
"Hache",2019,18
"Jailbirds",2019,18
"FIGHTWORLD",2018,18
"The Hockey Girls",2019,16
"SWORD GAI: The Animation",2018,18
"Black Ink Crew New York",2013,16
"Lunatics",2019,18
"Kid Cosmic",2021,7
"City of Ghosts",2021,7
"Unstoppable",2020,18
"Wild Catch / Chasing Monsters",2016,7
"Beyblade Burst",2016,7
"Signs",2018,18
"The Deep",2016,7
"Hot Date",2017,16
"Sparta",2018,18
"Atelier",2015,16
"The Cuba Libre Story",2016,16
"El Chema",2016,16
"Love (ft. Marriage and Divorce)",2021,7
"The Royal House of Windsor",2017,16
"Dealer",2021,18
"Can You Hear Me?",2019,16
"1994",2019,18
"Pac-Man and the Ghostly Adventures",2013,7
"The Parkers",1999,7
"Cooked With Cannabis",2020,18
"Re:Mind",2017,18
"The Kirlian Frequency",2019,7
"Granblue Fantasy: The Animation",2017,16
"Fated to Love You",2008,7
"Women of the Night",2019,18
"Dad Stop Embarrassing Me!",2021,7
"Kuromukuro",2016,16
"Real Rob",2015,18
"Prank Encounters",2019,16
"The Mafia Dolls",2009,18
"Sintonia",2019,18
"Examination of Conscience",2019,18
"AMO",2018,18
"Super Drags",2018,18
"Pop Team Epic",2018,18
"Haunted: Latin America",2021,16
"Brainchild",2018,7
"Record of Youth",2020,16
"Fate/Apocrypha",2017,18
"Yankee",2019,18
"Canine Intervention",2021,16
"Cagaster of an Insect Cage",2020,18
"All For Love",2020,7
"Bill Nye Saves the World",2017,7
"A.I.C.O. -Incarnation-",2018,18
"72 Dangerous Animals: Latin America",2017,16
"Restaurants on the Edge",2020,16
"El Reemplazante",2012,16
"Bol?var: Una lucha admirable",2019,18
"The Epic Tales of Captain Underpants",2018,7
"The Chosen One",2019,18
"The Piano Forest",2018,7
"SAINT SEIYA: Knights of the Zodiac",2019,16
"Her Mother's Killer",2020,16
"Surviving Death",2021,18
"The House Arrest of Us",2020,7
"Witch Hunt: A Century of Murder",2015,18
"Meet the Drug Lords: Inside the Real Narcos",2018,7
"Monty Python's Personal Best",2006,16
"World of Winx",2016,7
"The Big Day",2021,18
"Afflicted",2018,18
"Minecraft: Story Mode",2018,7
"The Break with Michelle Wolf",2018,18
"Transformers: Cyberverse",2018,7
"Schulz Saves America: Pandemics, Predators, Protests & Presidents",2020,18
"Dawn of the Croods",2015,7
"Power Rangers Beast Morphers",2019,7
"The Big Family Cooking Showdown",2017,7
"Awake: The Million Dollar Game",2019,7
"Cheer Squad",2016,7
"The Way of the Househusband",2021,16
"Skylanders Academy",2016,7
"The Fix",2018,18
"Astronomy Club: The Sketch Show",2019,18
"Polly Pocket",2018,7
"Archibald's Next Big Thing",2019,7
"All Hail King Julien: Exiled",2017,7
"Dragons: Rescue Riders",2019,7
"21 Thunder",2017,18
"Smoking",2018,18
"My Only Love Song",2017,18
"45 RPM",2019,16
"72 Dangerous Animals: Asia",2018,16
"Tong: Memories",2016,7
"Deaf U",2020,18
"Brotherhood",2019,16
"Lost Song",2018,16
"Power Rangers Ninja Steel",2017,7
"Silvana Sin Lana",2016,16
"Buddy Thunderstruck",2017,7
"Inside the Criminal Mind",2018,18
"Late Night Restaurant",2015,16
"Holiday Secrets",2019,16
"Historical Roasts",2019,18
"Twelve Forever",2019,7
"Age of Tanks",2019,18
"Samantha!",2018,7
"Horrid Henry",2006,7
"Dinotrux",2015,7
"Beyblade Burst Rise",2020,7
"Keeping Up with the Joneses",2010,7
"Dollar",2019,18
"First and Last",2018,18
"Buried by the Bernards",2021,16
"Kevin Hart: Don't F**k This Up",2019,18
"LEGO City Adventures",2019,7
"Dragon Pilot: Hisone and Masotan",2018,16
"Talking Tom and Friends",2014,7
"Hero Mask",2018,16
"The Ghost Bride",2020,18
"Chief of Staff",2019,16
"Three Days of Christmas",2019,18
"Homemade",2020,16
"Exhibit A",2019,18
"Apache: La vida de Carlos Tevez",2019,18
"Home: Adventures with Tip & Oh",2016,7
"Hotel Transylvania",2017,7
"The Garden of Heaven",2011,16
"A Boy Named Flora A",2017,18
"The Idhun Chronicles",2020,16
"44 Cats",2018,7
"72 Dangerous Places to Live",2016,18
"Turbo FAST",2013,7
"Legend Quest",2017,7
"Dinosaur King",2007,7
"The Rap Game",2016,7
"Basketball or Nothing",2019,7
"How to Ruin Christmas: The Wedding",2020,18
"ReBoot: The Guardian Code",2018,7
"Hoff the Record",2015,16
"Larry Charles' Dangerous World of Comedy",2019,18
"Triad Princess",2019,18
"Apaches",2015,18
"Followers",2020,18
"13 Reasons Why: Beyond the Reasons",2017,18
"Cupcake & Dino - General Services",2018,7
"Ice Fantasy",2016,16
"Revolutionary Love",2017,7
"Stretch Armstrong & the Flex Fighters",2017,7
"Glitter Force Doki Doki",2017,7
"Westside",2018,16
"Alien TV",2020,7
"Love O2O",2016,16
"Follow This",2018,18
"Living Undocumented",2019,18
"Fate/Extra Last Encore",2018,18
"Puerta 7",2020,18
"We Speak Dance",2018,7
"Racket Boys",2021,16
"Centaurworld",2021,7
"Magmel of the Sea Blue",2019,7
"Last Hope",2018,16
"Death by Magic",2018,7
"Welcome to the Family",2018,16
"Gormiti",2018,7
"The Casketeers",2018,16
"Spectros",2020,18
"My Runway",2016,7
"LEGO Marvel Avengers: Climate Conundrum",2020,7
"The Haunted House",2016,7
"Oddbods (Shorts)",2015,7
"Cleo & Cuquin",2018,7
"Magic for Humans Spain",2021,18
"The Qin Empire",2009,7
"The Comedy Lineup",2018,18
"Absurd Planet",2020,7
"Children of Adam",2020,18
"Nowhere Man",2019,18
"Club de Cuervos Presents: The Ballad of Hugo Sanchez",2018,18
"Lego Bionicle: The Journey to One",2016,7
"Back Street Girls: Goku Dolls",2018,18
"The Iliza Shlesinger Sketch Show",2020,18
"The Writer",2019,7
"H2O - Abenteuer Meerjungfrau",2015,7
"The Fierce Wife",2010,16
"Tiny Creatures",2020,7
"Standup and Away! with Brian Regan",2018,16
"Black Crows",2018,18
"Yummy Mummies",2017,7
"revisions",2019,18
"Green Door",2019,18
"Million Dollar Beach House",2020,18
"Dino Girl Gauko",2019,7
"Hasmukh",2020,18
"Here to Heart",2018,7
"The Good Bandit",2019,18
"Locombianos",2021,18
"Fugitiva",2018,18
"Flinch",2019,7
"LEGO Jurassic World: The Secret Exhibit",2018,7
"Strong",2016,7
"ID-0",2017,16
"Tijuana",2019,16
"Dinotrux: Supercharged",2017,7
"Edgar Rice Burroughs' Tarzan and Jane",2017,7
"ZOIDS WILD",2018,7
"Cabins in the Wild with Dick Strawbridge",2017,7
"Best.Worst.Weekend.Ever.",2018,7
"Fangbone!",2016,7
"Pinky Malinky",2019,7
"Extreme Engagement",2019,18
"The In-Laws",2003,13
"Hong Kong West Side Stories",2019,18
"Life Plan A and B",2017,7
"Empire Games",2018,7
"J-Style Trip",2020,16
"Kong: King of the Apes",2016,7
"Power Players",2019,7
"The Outsiders",2004,16
"Nailed It! France",2019,16
"Justice",2019,7
"Meet the Adebanjos",2012,7
"LEGO Friends: The Power of Friendship",2016,7
"Dreamworks Spooky Stories",2012,7
"I Have a Script",2019,7
"28 Faces of the Moon",2016,7
"Harvey Street Kids",2018,7
"Edha",2018,18
"The Degenerates",2018,18
"Chasing Cameron",2016,7
"YG Future Strategy Office",2018,18
"In The Bosom of a Thorn",2019,16
"Styling Hollywood",2019,16
"The Goop Lab",2020,18
"Kulipari: An Army of Frogs",2016,7
"Happy Jail",2019,18
"Lavender",2001,16
"KO One",2005,7
"K.O.3an Guo",2009,16
"Part-Time Idol",2017,7
"The Sound of Your Heart: Reboot",2018,7
"Bottersnikes & Gumbles",2016,7
"Happy And",2011,16
"Jusqu'? l'Aube",2020,18
"Immortal Classic",2012,16
"Droppin' Cash: Los Angeles",2018,16
"Robozuna",2018,7
"Lucky Days",2010,7
"Stunt Science",2018,18
"The Year of Happiness and Love",2009,7
"Kibaoh Klashers",2017,7
"The Great British Baking Show: Holidays",2016,16
"Futmalls.com",2020,16
"A House of Blocks",2017,18
"Running Man (Animated)",2017,7
"Rick and Morty",2013,18
"Seinfeld",1989,16
"Vikings",2013,18
"Fargo",2014,18
"Brooklyn Nine-Nine",2013,16
"Lost",2004,16
"Parks and Recreation",2009,16
"The Simpsons",1989,7
"It's Always Sunny in Philadelphia",2005,18
"Firefly",2002,16
"My Hero Academia",2016,16
"How I Met Your Mother",2005,16
"Modern Family",2009,7
"The Handmaid's Tale",2017,18
"Twin Peaks",1990,18
"Homeland",2011,18
"Gravity Falls",2012,7
"Futurama",1999,16
"Sons of Anarchy",2008,18
"The X-Files",1993,18
"Line of Duty",2012,18
"Justified",2010,18
"This Is Us",2016,16
"Freaks and Geeks",1999,16
"Prison Break",2005,16
"Scrubs",2001,16
"What We Do in the Shadows",2019,18
"Archer",2009,18
"Killing Eve",2018,16
"Adventure Time",2010,7
"24",2001,16
"The Twilight Zone",1959,7
"Buffy the Vampire Slayer",1997,16
"White Collar",2009,7
"Teen Wolf",2011,16
"The Shield",2002,18
"Bob's Burgers",2011,16
"30 Rock",2006,16
"Legion",2017,18
"Atlanta",2016,18
"The Office",2001,16
"Frasier",1993,7
"Pretty Little Liars",2010,16
"Mr Inbetween",2018,18
"Friday Night Lights",2006,7
"Taboo",2017,18
"Normal People",2020,16
"Black Sails",2014,18
"Elementary",2012,16
"Veronica Mars",2004,16
"11.22.63",2016,18
"Nathan For You",2013,16
"Bones",2005,16
"The Killing",2011,18
"Burn Notice",2007,7
"Steins;Gate",2011,16
"Family Guy",1999,16
"Cheers",1982,7
"DAVE",2020,18
"Misfits",2009,18
"Peep Show",2003,18
"Criminal Minds",2005,16
"Superstore",2015,16
"Lie to Me",2009,16
"The Orville",2017,16
"Preacher",2016,18
"12 Monkeys",2015,16
"Dirk Gently's Holistic Detective Agency",2016,16
"Smallville",2001,7
"RuPaul's Drag Race",2009,16
"Fear the Walking Dead",2015,18
"Love, Victor",2020,16
"Cowboy Bebop",1998,16
"Blue Bloods",2010,16
"Inside No. 9",2014,18
"Parenthood",2010,7
"Desperate Housewives",2004,7
"Broad City",2014,18
"Boston Legal",2004,16
"Revenge",2011,18
"Samurai Champloo",2004,18
"Workaholics",2011,16
"The Act",2019,18
"The Fosters",2013,16
"Younger",2015,16
"The Good Doctor",2017,16
"Terminator: The Sarah Connor Chronicles",2008,7
"Angel",1999,7
"09-01-2001",2018,16
"Snowfall",2017,18
"The Venture Bros.",2004,18
"The Strain",2014,18
"The Terror",2018,18
"Zoey's Extraordinary Playlist",2020,16
"The League",2009,18
"Key & Peele",2012,18
"Malcolm in the Middle",2000,7
"Dollhouse",2009,16
"The Great",2020,18
"My Name Is Earl",2005,16
"Scandal",2012,16
"Motherland: Fort Salem",2020,16
"Awkward.",2011,16
"Raising Hope",2010,16
"Law & Order: Special Victims Unit",1999,16
"Castle Rock",2018,18
"The Last Ship",2014,16
"Cruel Summer",2021,16
"Chicago Fire",2012,16
"Better Off Ted",2009,7
"Prodigal Son",2019,16
"Timeless",2016,7
"Devs",2020,18
"You're the Worst",2014,18
"Elfen Lied",2004,18
"Please Like Me",2013,18
"Lethal Weapon",2016,16
"The Last Man on Earth",2015,16
"TRIGUN",1998,16
"My So-Called Life",1994,16
"Little Fires Everywhere",2020,18
"The Librarians",2014,16
"In the Flesh",2013,18
"The Exorcist",2016,16
"American Dad!",2005,16
"Ramy",2019,18
"Chicago P.D.",2014,16
"Stargate Atlantis",2004,7
"Marvel's Runaways",2017,16
"Rescue Me",2004,18
"Shadowhunters",2016,16
"Everybody Hates Chris",2005,7
"Stargate Universe",2009,16
"PEN15",2019,18
"My Mad Fat Diary",2013,16
"RuPaul's Drag Race All Stars",2012,16
"The Gifted",2017,16
"Future Man",2017,18
"Prime Suspect",1991,18
"Better Things",2016,18
"Sleepy Hollow",2013,16
"Regular Show",2010,7
"M*A*S*H",1972,7
"Top of the Lake",2013,18
"Switched at Birth",2011,16
"Wayward Pines",2015,16
"Saturday Night Live",1975,16
"Dragon Ball Super",2015,7
"Fresh Off the Boat",2015,7
"The Mighty Boosh",2004,16
"Cardinal",2017,18
"Absolutely Fabulous",1992,16
"Letterkenny",2016,18
"Scream Queens",2015,16
"Wilfred",2011,18
"Deutschland",2015,18
"Empire",2015,16
"Brockmire",2017,18
"The Unit",2006,16
"Genius",2017,16
"Mayans M.C.",2018,18
"black-ish",2014,16
"CSI: Crime Scene Investigation",2000,16
"Tokyo Ghoul",2014,16
"MythBusters",2003,7
"Don't Trust the B n Apartment 23",2012,16
"Sailor Moon",1992,16
"One Tree Hill",2003,16
"Nip/Tuck",2003,18
"Looking for Alaska",2019,18
"New Amsterdam",2018,16
"The Golden Girls",1985,7
"Cougar Town",2009,7
"The Purge",2018,18
"Catch-22",2019,18
"The Rookie",2018,16
"Married... with Children",1987,7
"The Looming Tower",2018,18
"Blindspot",2015,16
"Steven Universe",2013,7
"Nashville",2012,7
"Salem",2014,18
"The Mindy Project",2012,7
"Mrs. America",2020,18
"The Middle",2009,7
"Roseanne",1988,7
"Black Clover",2017,16
"Witches of East End",2013,16
"Whitechapel",2009,7
"Stumptown",2019,16
"Harlots",2017,18
"UnREAL",2015,16
"The Wonder Years",1988,7
"Graceland",2013,16
"Anthony Bourdain: No Reservations",2005,7
"Ugly Betty",2006,7
"Marvel's Cloak & Dagger",2018,16
"The Bold Type",2017,16
"The Resident",2018,16
"Dragon Ball",1996,16
"The Goldbergs",2013,7
"Terriers",2010,18
"American Horror Stories",2021,18
"ER",1994,16
"Fairy Tail",2009,16
"Bunheads",2012,16
"High Fidelity",2020,18
"Horace and Pete",2016,18
"The Amazing World of Gumball",2011,7
"Blackadder",1983,7
"Hell's Kitchen",2005,16
"Robot Chicken",2005,18
"People of Earth",2016,18
"Boruto: Naruto Next Generations",2017,16
"The Musketeers",2014,16
"Shrill",2019,18
"LEGO Masters",2020,7
"Good Behavior",2016,18
"Murdoch Mysteries",2008,7
"Mom",2013,16
"Will & Grace",1998,16
"King of the Hill",1997,7
"Doc Martin",2004,7
"Impractical Jokers",2011,16
"Debris",2021,16
"Solar Opposites",2020,18
"Trust",2018,18
"SIX",2017,18
"Last Man Standing",2011,7
"Body of Proof",2011,16
"The Hitchhiker's Guide to the Galaxy",1981,7
"Afro Samurai",2007,18
"S.W.A.T.",2017,16
"A Million Little Things",2018,16
"For Life",2020,16
"Battlestar Galactica",1978,7
"Alfred Hitchcock Presents",1955,16
"Flashpoint",2008,16
"The Detour",2016,18
"Greek",2007,16
"Casual",2015,18
"Mary Kills People",2017,18
"Mushi-Shi",2005,16
"Baskets",2016,18
"Touch",2012,16
"Rurouni Kenshin",1996,16
"Big Sky",2020,16
"The Wrong Mans",2013,18
"Chance",2016,18
"The Split",2018,18
"Make It or Break It",2009,16
"Das Boot",2018,18
"Legit",2013,18
"Breeders",2020,18
"Queen Sugar",2016,16
"MasterChef",2010,16
"Young Rock",2021,16
"The Eric Andre Show",2012,18
"Man Seeking Woman",2015,18
"Pretty Little Liars: The Perfectionists",2019,16
"Yu Yu Hakusho",1992,16
"Lodge 49",2018,16
"I Am the Night",2019,18
"NOS4A2",2019,16
"The Glades",2010,16
"The Bridge",2013,18
"Underground",2016,18
"A Teacher",2020,18
"Danny Phantom",2004,7
"Sliders",1995,7
"30 for 30",2009,7
"Life in Pieces",2015,16
"The Amazing Race",2001,7
"Pitch",2016,16
"Numb3rs",2005,7
"Roswell",1999,16
"Tyrant",2014,18
"Legends",2014,16
"Angie Tribeca",2016,16
"FLCL",2000,18
"Fosse/Verdon",2019,18
"Assassination Classroom",2015,16
"Top Chef",2006,16
"Ghost Whisperer",2005,7
"Darker than Black",2007,16
"Kaguya-sama: Love is War",2019,16
"Ally McBeal",1997,16
"Everything's Gonna Be Okay",2020,16
"Psycho-Pass",2012,18
"The Powerpuff Girls",1998,7
"Beverly Hills, 90210",1990,16
"Friday Night Dinner",2011,18
"Wu-Tang: An American Saga",2019,18
"Hellsing Ultimate",2006,18
"Claws",2017,18
"Marvel's M.O.D.O.K.",2021,18
"Shark Tank",2009,7
"Ghost Adventures",2008,13
"Miranda",2009,7
"Making It",2018,7
"The Son",2017,16
"10 Things I Hate About You",2009,16
"Good Trouble",2019,16
"Ben 10",2005,7
"The Mick",2017,16
"WWE Raw",1993,7
"Party of Five",1994,7
"Overlord",2015,18
"The Path",2016,18
"Descendants of the Sun",2016,16
"Single Parents",2018,7
"Deadliest Catch",2005,16
"Gangland Undercover",2015,16
"ThunderCats",1985,7
"Shiki",2010,18
"Rascal Does Not Dream of Bunny Girl Senpai",2018,16
"Jane Eyre",2006,7
"Kitchen Nightmares",2007,16
"Devious Maids",2013,7
"My Wife and Kids",2001,7
"Star vs. the Forces of Evil",2015,7
"Dark Side of the Ring",2019,16
"High School DxD",2012,18
"Transplant",2020,16
"Apple Tree Yard",2017,16
"9-1-1: Lone Star",2020,16
"Fruits Basket",2019,7
"Siren",2018,7
"Holey Moley",2019,7
"Diabolik Lovers",2013,16
"Baby Daddy",2012,16
"Digimon Adventure",1999,7
"The Long Road Home",2017,18
"Black Lagoon",2006,18
"Taken",2017,18
"Walker",2021,16
"Catfish: The TV Show",2012,16
"Treadstone",2019,18
"The Incredible Hulk",1977,7
"X-Men: Evolution",2000,7
"Death Parade",2015,18
"NEXT",2020,16
"Golden Time",2013,16
"Dollface",2019,18
"Taxi",1978,7
"Being Mary Jane",2014,16
"Drunk History",2013,16
"Twisted",2013,16
"Brothers and Sisters",2006,16
"Breakout Kings",2011,16
"Scott & Bailey",2011,7
"Little Britain",2003,18
"Law & Order: Organized Crime",2021,16
"Pinky and the Brain",1995,7
"Ergo Proxy",2006,18
"Noragami",2014,16
"Primeval",2007,16
"Face Off",2011,7
"Love Island",2015,18
"Highlander: The Series",1992,16
"Prison School",2015,18
"Medium",2005,16
"Fire Force",2019,16
"Second Chance",2016,16
"American Housewife",2016,7
"The First",2018,18
"Reprisal",2019,18
"Mushoku Tensei: Jobless Reincarnation",2021,16
"The Kids Are Alright",2018,7
"Remington Steele",1982,7
"The Fades",2011,18
"My Teen Romantic Comedy SNAFU",2013,16
"Station 19",2018,16
"New Tricks",2003,7
"The Mary Tyler Moore Show",1970,7
"Hill Street Blues",1981,16
"Monster Musume: Everyday Life with Monster Girls",2015,18
"The Conners",2018,7
"NYPD Blue",1993,16
"CSI: Miami",2002,16
"Metalocalypse",2006,18
"America's Got Talent",2006,7
"DCI Banks",2011,16
"The Future Diary",2011,18
"Childrens Hospital",2008,18
"The First 48",2004,18
"Sense and Sensibility",2008,16
"Teenage Mutant Ninja Turtles",2012,7
"Monogatari",2009,16
"Clique",2017,18
"Atlantis",2013,7
"Travel Man: 48 Hours in...",2015,7
"Chowder",2007,7
"The Hardy Boys",2020,7
"Shots Fired",2017,16
"The Familiar of Zero",2006,16
"Four Weddings and a Funeral",2019,18
"Hamilton's Pharmacopeia",2016,18
"The New York Times Presents",2020,18
"The Great North",2021,16
"The Ultimate Fighter",2005,16
"Foster's Home for Imaginary Friends",2004,7
"The Tonight Show Starring Jimmy Fallon",2014,16
"Barkskins",2020,18
"River Monsters",2009,7
"Highschool of the Dead",2010,18
"The Marvelous Misadventures of Flapjack",2008,7
"Difficult People",2015,18
"Reba",2001,7
"The Event",2010,16
"American Gothic",1995,7
"Garfield and Friends",1988,7
"Home Economics",2021,7
"Clannad After Story",2009,7
"Bless This Mess",2019,7
"Horrible Histories",2009,7
"grown-ish",2018,16
"Duncanville",2020,16
"The Guest Book",2017,18
"Speechless",2016,7
"Intervention",2005,16
"Dragon Ball GT",1996,7
"Melissa & Joey",2010,16
"General Hospital",1963,16
"Lupin the Third",1971,16
"Charlotte",2015,16
"Mr. Mayor",2021,16
"Murder in the First",2014,18
"Jersey Shore: Family Vacation",2018,16
"24: Legacy",2017,16
"American Ninja Warrior",2009,7
"Seraph of the End",2015,13
"Brickleberry",2012,18
"Ghosted",2017,7
"Saving Hope",2012,16
"Married at First Sight",2014,7
"The Voice",2011,7
"Wings",1990,7
"American Pickers",2010,7
"Nightwatch",2015,16
"Gold Rush",2010,7
"The Riches",2007,18
"Lark Rise to Candleford",2008,7
"Stan Against Evil",2016,16
"Homicide Hunter: Lt Joe Kenda",2011,16
"RuPaul's Drag Race: Untucked",2010,16
"The Carmichael Show",2015,7
"Moone Boy",2012,16
"Tyler Perry's The Haves and the Have Nots",2013,16
"Perfect Strangers",1986,7
"The Practice",1997,16
"Light as a Feather",2018,16
"Burden of Truth",2018,16
"Kamisama Kiss",2012,7
"Mike Tyson Mysteries",2014,16
"American Gladiators",1988,7
"Felicity",1998,16
"Expedition Unknown",2015,7
"Rosewood",2015,16
"The Guardian",2001,7
"Jeremiah",2002,18
"The Secret of Skinwalker Ranch",2020,7
"Dharma & Greg",1997,16
"The Real Housewives of Beverly Hills",2010,16
"The Fall Guy",1981,16
"Sealab 2021",2000,16
"The Incredible Dr. Pol",2011,7
"Whose Line Is It Anyway? (UK)",1988,7
"The Fruit of Grisaia",2014,18
"St. Elsewhere",1982,7
"Ben 10: Omniverse",2012,7
"Naked and Afraid",2013,16
"Woke",2020,18
"Mr. Pickles",2014,18
"The Moodys",2019,16
"Being Erica",2009,16
"Dual Survival",2010,16
"Dimension 404",2017,16
"Bad Banks",2018,7
"Kojak",1973,16
"Robin of Sherwood",1984,7
"Ranma 1/2",1989,16
"McLeod's Daughters",2001,16
"Life Below Zero",2013,7
"mixed-ish",2019,7
"Mountain Men",2012,7
"Baywatch",1989,7
"Shut Eye",2016,18
"Dietland",2018,18
"Yona of the Dawn",2014,16
"The Hustler",2021,7
"Teen Titans Go!",2013,7
"Designing Women",1986,7
"Into the Dark",2018,18
"Mobile Suit Gundam Wing",2000,13
"Damien",2016,16
"Mistresses",2013,16
"The Lord of the Skies",2013,16
"Snow White with the Red Hair",2015,16
"The Masked Singer",2019,7
"Danganronpa: The Animation",2013,18
"Hellsing",2001,18
"Fate/stay night",2006,18
"Uncle",2014,16
"Deadly Women",2005,16
"Ironside",1967,7
"D.Gray-man",2006,16
"Space Dandy",2014,16
"Songland",2019,7
"Running Wild with Bear Grylls",2014,7
"Living Single",1993,7
"My 600-lb Life",2012,16
"Naked and Afraid XL",2015,16
"Duck Dynasty",2012,7
"No Man's Land",2020,16
"Upstairs Downstairs",2010,7
"The Bastard Executioner",2015,18
"The Food That Built America",2019,7
"Star",2016,16
"Saving Grace",2007,18
"Full Metal Panic!",2002,16
"America's Funniest Home Videos",1989,7
"Log Horizon",2013,16
"Son of Zorn",2016,16
"Him & Her",2010,16
"World Trigger",2014,16
"Clarence",2014,7
"Kenan",2021,7
"Mayo Chiki!",2011,18
"Haven't You Heard? I'm Sakamoto",2016,16
"Hard Sun",2018,18
"Dance Moms",2011,7
"Gordon Ramsay's 24 Hours to Hell and Back",2018,16
"X Company",2015,16
"Housebroken",2021,16
"Jimmy Kimmel Live!",2003,16
"The Cleveland Show",2009,16
"Dice",2016,18
"Primeval: New World",2012,16
"7th Heaven",1996,7
"Married",2014,18
"Land of Honor",2014,16
"The UnXplained",2019,16
"Deadbeat",2014,16
"Alone Together",2018,16
"Chivalry of a Failed Knight",2015,18
"Intruders",2014,18
"WWE Friday Night SmackDown",1999,7
"Coronation Street",1960,7
"Dirty Sexy Money",2007,7
"Kenichi: The Mightiest Disciple",2006,16
"Archangel",2005,18
"Persona 4 The Animation",2011,7
"Melrose Place",1992,16
"SHIMONETA: A Boring World Where the Concept of Dirty Jokes Doesn't Exist",2015,18
"Alias Smith and Jones",1971,7
"Justice League Action",2016,7
"Packed to the Rafters",2008,18
"Oh My Venus",2015,16
"Banished",2015,18
"Bizarre Foods with Andrew Zimmern",2006,7
"Blood Blockade Battlefront",2015,18
"Guilty Crown",2011,16
"Outlaw Star",1998,16
"The Real Housewives of New York City",2008,16
"Storage Wars",2010,7
"Bluff City Law",2019,16
"Bad Girls Club",2006,16
"Doogie Howser, M.D.",1989,7
"Shark",2006,16
"Sasquatch",2021,18
"Akudama Drive",2020,18
"Love & Hip Hop Atlanta",2012,16
"Alaska: The Last Frontier",2011,16
"Sonic Boom",2014,7
"Graves",2016,18
"Locked Up Abroad",2008,16
"School Rumble",2004,7
"Princess Tutu",2002,16
"Date a Live",2013,16
"Devil May Cry",2007,16
"Utopia Falls",2020,7
"Fear Factor",2001,7
"Hellevator",2015,18
"Aesthetica of a Rogue Hero",2012,18
"Drugs, Inc.",2010,16
"Pure",2017,18
"Dr. Pimple Popper",2018,16
"The Biggest Loser",2004,7
"Filthy Rich",2020,16
"Grimgar of Fantasy and Ash",2016,16
"Bless the Harts",2019,16
"Celebrity Family Feud",2008,7
"xxxHOLiC",2006,16
"Paradox",2009,16
"Keeping Up with the Kardashians",2007,16
"Taste the Nation with Padma Lakshmi",2020,16
"Digimon Tamers",2001,7
"Cake Boss",2009,7
"Tyler Perry's If Loving You Is Wrong",2014,16
"Plastic Memories",2015,16
"Dragnet",1967,7
"Say 'I Love You.'",2012,16
"Rev.",2010,16
"Axe Cop",2013,18
"The Secret Life of the American Teenager",2008,16
"Extreme Ghostbusters",1997,7
"OK K.O.! Let's Be Heroes",2017,7
"The Firm",2012,16
"Attack on Titan: Junior High",2015,16
"To Love-Ru",2008,18
"Rosario + Vampire",2008,18
"All Saints",1998,16
"Fast N' Loud",2012,16
"Upper Middle Bogan",2013,16
"Toilet-Bound Hanako-kun",2020,16
"Barbarians Rising",2016,18
"Silk Stalkings",1991,16
"Match Game",1973,7
"The Most Dangerous Animal of All",2020,16
"Arifureta: From Commonplace to World's Strongest",2019,16
"Renegade",1992,16
"Disappeared",2009,7
"The Slap",2015,16
"Love Thy Neighbor",2013,7
"Infinite Stratos",2011,18
"A Certain Scientific Railgun",2009,16
"Taggart",1983,18
"Call Me Kat",2021,7
"My Love Story!!",2015,16
"City Homicide",2007,16
"The Lucy Show",1962,7
"Beyond Scared Straight",2011,18
"Castaways",2018,7
"Your Pretty Face Is Going to Hell",2013,18
"Jersey Shore",2009,16
"Tim and Eric's Bedtime Stories",2014,18
"ID: INVADED",2020,18
"Undercover Boss",2010,7
"Sex&Drugs&Rock&Roll",2015,16
"Vanished",2006,18
"Skin Wars",2014,16
"Hollywood Game Night",2013,7
"A Christmas Carol",2019,18
"Black Narcissus",2020,18
"Pramface",2012,16
"The Lowe Files",2017,7
"City So Real",2020,16
"American Idol",2002,7
"Lincoln Heights",2007,7
"Some Girls",2012,16
"The Asterisk War",2015,16
"Nura: Rise of the Yokai Clan",2010,16
"Devils' Line",2018,18
"Wander Over Yonder",2013,7
"The Qwaser of Stigmata",2010,18
"Dream Corp LLC",2016,16
"Top Gear",2010,7
"Swamp People",2010,7
"Haganai: I Don't Have Many Friends",2011,18
"Coupling",2000,7
"Witchblade",2006,18
"The Bachelor",2002,16
"To Tell the Truth",2016,7
"Bachelor in Paradise",2014,16
"Bring It!",2014,7
"Street Outlaws",2013,7
"Accel World",2012,16
"Beat Shazam",2017,16
"Eden of the East",2009,18
"Saints & Sinners",2016,16
"America's Most Wanted",1988,7
"Seed",2013,18
"I Love You, America",2017,18
"Young Hercules",1998,7
"The Commish",1991,16
"Vanderpump Rules",2013,16
"Zeke and Luther",2009,7
"Oreimo",2010,16
"Treehouse Masters",2013,7
"The Real Housewives of Atlanta",2008,16
"Bedlam",2011,16
"Slayers",1995,7
"The Gong Show",1976,7
"Kick Buttowski: Suburban Daredevil",2010,7
"The Real Housewives of Potomac",2016,16
"Astra Lost in Space",2019,16
"Nurses",2020,7
"Feed the Beast",2016,16
"A Wilderness of Error",2020,18
"Devil May Care",2021,18
"Deca-Dence",2020,16
"Love Island Australia",2018,18
"The Circus",2016,16
"WWE NXT",2010,7
"Trafficked with Mariana van Zeller",2020,16
"Hillary",2020,7
"La Patrona",2013,16
"Maison close",2010,18
"Shahs of Sunset",2012,16
"Tanked",2011,7
"Little Women: LA",2014,16
"Quick Draw",2013,16
"Food Network Star",2005,7
"Three Sheets",2006,18
"Blood-C",2011,18
"Unusual Suspects",2010,16
"Black Jesus",2014,18
"ItaKiss",2008,16
"The Aliens",2016,7
"Getting On",2009,16
"Kono Oto Tomare!: Sounds of Life",2019,7
"Dante's Cove",2005,18
"Freakish",2016,16
"The Hills",2006,7
"The Awesomes",2013,16
"Plunderer",2020,16
"Yu-Gi-Oh! 5D's",2008,13
"Too Cute",2011,7
"Hollyoaks",1995,16
"Absolute Duo",2015,18
"Total Divas",2013,16
"What Would You Do?",2008,7
"Born This Way",2015,7
"Late Night with Seth Meyers",2014,16
"Is This a Zombie?",2011,18
"Flavor of Love",2006,16
"Momma Named Me Sheriff",2019,18
"Hunderby",2012,16
"World of Dance",2017,7
"The Driver",2014,16
"In My Skin",2020,16
"Rin-ne",2015,16
"Cults and Extreme Belief",2018,16
"Napoleon Dynamite",2012,7
"Man Up!",2011,7
"Blood Lad",2013,16
"The F Word",2005,18
"Law & Order True Crime",2017,16
"The $100,000 Pyramid",2016,16
"Stars Align",2019,16
"Blast of Tempest",2012,16
"East Los High",2013,16
"Sister Wives",2010,16
"Place to Place",2012,7
"The New Detectives",1996,7
"Who The (Bleep) Did I Marry?",2010,7
"Crossing Swords",2020,18
"Baka and Test: Summon the Beasts",2010,7
"Threesome",2011,18
"Maken-Ki! Battling Venus",2011,18
"Sherman's Showcase",2019,18
"Yashahime: Princess Half-Demon",2020,16
"Outbreak Company",2013,16
"Marriage Boot Camp: Reality Stars",2014,16
"Dagashi Kashi",2016,16
"Fashion House",2006,18
"Our Cartoon President",2018,16
"Our Last Crusade or the Rise of a New World",2020,16
"Little Mosque on the Prairie",2007,7
"The Wallflower",2006,16
"The Real Housewives of Orange County",2006,16
"Married to Medicine",2013,16
"The Real Housewives of New Jersey",2009,16
"Cold Squad",1998,16
"The Murder of Laci Peterson",2017,16
"Uta no Prince-sama",2011,16
"Alone: The Beast",2020,7
"Stacked",2005,7
"Snake City",2014,16
"Wasted",2016,18
"Hetalia",2009,18
"Air Gear",2006,18
"Press Your Luck",2019,7
"Black Blood Brothers",2006,16
"Are You Smarter Than a 5th Grader?",2007,7
"Jeopardy! The Greatest of All Time",2020,7
"The Strange Calls",2012,18
"Victoria's Secret Fashion Show",1999,18
"Card Sharks",2019,7
"The Killer Speaks",2013,16
"Call Your Mother",2021,7
"Miz & Mrs",2018,16
"The Loop",2006,16
"Weakest Link",2001,7
"Breaking Amish",2012,16
"Mental Samurai",2019,7
"Saved by the Bell: The College Years",1993,7
"Demon Lord, Retry!",2019,16
"Don't",2020,16
"Uncle Grandpa",2013,7
"Behind Bars: Rookie Year",2015,16
"Black Cat",2005,7
"Lucas Bros Moving Co",2013,18
"Total Bellas",2016,16
"Aria the Scarlet Ammo",2011,16
"Heartstrings",2011,16
"Dancing with the Stars",2005,7
"The Other Guy",2017,18
"The Kennedys",2015,7
"Love & Hip Hop Hollywood",2014,16
"Corpse Princess",2008,7
"The Wall",2016,7
"Divorce Court",1999,16
"Unikitty!",2017,7
"Psychic Detective Yakumo",2010,16
"Monster Rancher",1999,7
"Big Windup!",2007,7
"Duenos Del Paraiso",2015,16
"To Catch a Smuggler",2012,7
"Fugget About It",2012,18
"Yu-Gi-Oh! Arc-V",2014,7
"Nosotros los Guapos",2016,13
"Max Steel",2000,7
"Golan, The Insatiable",2013,16
"No Guns Life",2019,16
"The First 48 Presents: Homicide Squad Atlanta",2019,16
"Space Brothers",2012,16
"Little Women: Atlanta",2016,16
"Arte",2020,16
"The Hotwives of Orlando",2014,16
"Yu-Gi-Oh! Zexal",2011,7
"Breadwinners",2005,7
"Soul Eater Not!",2014,16
"The Only Way Is Essex",2010,16
"Mythbusters Jr.",2019,7
"Cake",2019,18
"Major Lazer",2015,18
"Brothers Conflict",2013,16
"Urara Meirocho",2017,16
"Hakumei and Mikochi",2018,16
"When Nature Calls with Helen Mirren",2021,7
"Kono Yuusha ga Ore Tueee Kuse ni Shinchou Sugiru",2019,16
"Street Outlaws: Memphis",2018,16
"Part of Me",2014,16
"Appare-Ranman!",2020,16
"The Case That Haunts Me",2018,16
"Senryu Girl",2019,7
"Alguien Te Mira",2010,7
"All Night",2018,16
"Long Island Medium",2011,7
"Kaleido Star",2003,16
"The Tower of Druaga: The Aegis of Uruk",2008,7
"Psychic Kids",2008,16
"Stone Quackers",2014,18
"Wicked Tuna: Outer Banks",2014,16
"I Love Jenni",2011,7
"VanDread",2000,16
"Broken Angel",2013,16
"Trolls: TrollsTopia",2020,7
"Cardfight!! Vanguard",2011,16
"The Millionaire Matchmaker",2008,7
"Azur Lane",2019,16
"WWE Main Event",2012,7
"The Dude Perfect Show",2016,7
"Endlings",2020,7
"Celebrity Wheel of Fortune",2021,7
"The Chew",2011,7
"D.Gray-man Hallow",2016,16
"Ellen's Game of Games",2017,7
"Love in the Time of Corona",2020,16
"El Fantasma de Elena",2010,16
"Holly Hobbie",2018,7
"Samurai Harem",2009,18
"Negima!",2005,7
"Love Connection",2017,16
"Forged in Fire: Beat the Judges",2020,7
"Nabari no Ou",2008,16
"Name That Tune",2021,7
"My Super Sweet 16",2005,7
"Kendra on Top",2012,7
"I Can See Your Voice",2020,7
"Hitler's Last Stand",2018,16
"Nightline",1980,7
"Lost Gold of World War II",2019,7
"Underworld, Inc.",2015,16
"When Sharks Attack",2013,16
"High School USA!",2013,18
"Pooch Perfect",2021,7
"The Mighty Ones",2020,7
"Arms Alchemy",2006,18
"Blade Dance of Elementalers",2014,16
"Toddlers & Tiaras",2009,7
"60 Days In: Narcoland",2019,16
"Basilisk",2005,18
"Runaways",2012,16
"NY-LON",2004,18
"WTF Baron Davis",2019,18
"Ancient Top 10",2016,16
"I Am Cait",2015,16
"Pickle & Peanut",2015,7
"Infinite Dendrogram",2020,16
"Aquarion",2005,18
"Inside the NFL",1977,7
"Gensomaden Saiyuki",2000,16
"Swiss Family Robinson",1974,7
"The Toe Bro",2019,16
"Anyone But Me",2009,16
"The Dating Guy",2009,18
"Celebs Go Dating",2016,18
"Planet Sheen",2010,7
"Who Wants to Be a Millionaire",2020,16
"The Young Turks",2005,16
"A3!",2020,16
"ClassicaLoid",2016,16
"Kings of Pain",2019,16
"The View",1997,16
"Mighty Magiswords",2015,7
"Basketball Wives LA",2011,7
"Forensic Factor",2003,18
"The Weekly",2019,18
"Connecting...",2020,7
"Rock of Love with Bret Michaels",2007,18
"Bajo el Mismo Cielo",2015,16
"Eva La Trailera",2017,16
"Born Behind Bars",2017,16
"Seven Year Switch",2015,16
"Dog love",2010,7
"Driven",2020,16
"Mother Up!",2013,16
"Close Up with The Hollywood Reporter",2015,16
"205 Live",2016,7
"Many Sides of Jane",2019,16
"The Riveras",2016,7
"Steve Harvey's Funderdome",2017,7
"VICE Investigates",2019,18
"Truth & Iliza",2017,7
"Life of Kylie",2017,16
"WWE Superstars",2009,7
"Nightcap",2016,7
"After School Dice Club",2019,16
"Up to Speed",2012,16
"Spartan: Ultimate Team Challenge",2016,7
"Behind Closed Doors",2011,16
"Supernoobs",2015,7
"Phenoms",2018,7
"Sorcerous Stabber Orphen",2020,16
"Future-Worm!",2016,7
"The Masked Dancer",2020,7
"This Week",1981,7
"BEM",2019,16
"Mix: Meisei Story",2019,7
"Dies Irae",2017,18
"Daisy of Love",2009,16
"LA Story",2014,16
"Woman",2016,18
"A Little Late with Lilly Singh",2019,16
"CNBC Originals",2003,16
"Hot Package",2013,18
"The Untold Story",2019,16
"Dama y Obrero",2013,16
"Mickey's 90th Spectacular",2018,7
"Ellen's Greatest Night of Giveaways",2019,7
"The Grill Dads",2017,7
"RocketJump: The Show",2015,16
"Just Josh",2011,18
"Baldwin Hills",2007,16
"The Bravest Knight",2019,7
"Last Call with Carson Daly",2002,16
"THE REFLECTION",2017,18
"Dish Nation",2011,7
"Utawarerumono: The False Faces",2015,16
"La Diosa Coronada",2010,7
"Night Guard",2015,18
"Page Six TV",2017,7
"Bobby Flay's Barbecue Addiction",2011,7
"Behind the Bar",2011,16
"Hot Gay Comics",2008,18
"She's Living for This",2012,18
"AwesomenessTV",2013,7
"On the Run Eating",2018,7
"Modd Couples",2015,18
"The Boys",2019,18
"Dexter",2006,18
"House",2004,16
"Mr. Robot",2015,18
"The Expanse",2015,16
"Bosch",2015,18
"Invincible",2021,18
"Fleabag",2016,18
"The Americans",2013,18
"Billions",2016,18
"The Marvelous Mrs. Maisel",2017,18
"Psych",2006,7
"The Night Manager",2016,16
"Unforgotten",2018,18
"Orphan Black",2013,18
"Chuck",2007,16
"The Fall",2013,18
"Tom Clancy's Jack Ryan",2018,18
"The Pacific",2010,18
"Good Omens",2019,18
"The Man in the High Castle",2015,18
"Grimm",2011,16
"The Family Man",2019,16
"Upload",2020,18
"Counterpart",2017,18
"Monk",2002,16
"The Grand Tour",2016,16
"Black Books",2000,7
"Californication",2007,18
"Eureka",2006,16
"Animal Kingdom",2016,18
"Humans",2015,16
"Endeavour",2013,16
"Alias",2001,16
"The Missing",2014,18
"Sneaky Pete",2015,18
"Father Ted",1995,16
"The Mentalist",2008,16
"The Thick of It",2005,18
"The Lost Room",2006,7
"River",2015,7
"The Affair",2014,18
"Undone",2019,18
"Poldark",2015,16
"Carnival Row",2019,18
"Wayne",2019,18
"Farscape",1999,16
"Victoria",2016,16
"Goliath",2016,16
"Catastrophe",2015,18
"Hanna",2019,18
"SpongeBob SquarePants",1999,7
"Extras",2005,18
"Two and a Half Men",2003,16
"Escape at Dannemora",2018,18
"Patriot",2015,18
"Modern Love",2019,18
"Clarkson's Farm",2021,7
"Gavin & Stacey",2007,16
"Homecoming",2018,18
"City on a Hill",2019,18
"Patrick Melrose",2018,18
"Queer as Folk",1999,18
"Flack",2019,16
"Mozart in the Jungle",2014,18
"The Tick",2016,7
"Tales from the Loop",2020,18
"Fortitude",2015,18
"The Tunnel",2013,18
"The Wilds",2020,16
"A Very English Scandal",2018,16
"Salvation",2017,16
"The Underground Railroad",2021,18
"Red Oaks",2014,18
"Tell Me Your Secrets",2021,18
"Transparent",2014,18
"Loudermilk",2017,18
"Britannia",2018,16
"ZeroZeroZero",2020,18
"Philip K. Dick's Electric Dreams",2017,18
"Truth Seekers",2020,16
"Magnum, P.I.",1980,7
"Hunters",2020,18
"Eerie, Indiana",1991,7
"Mirzapur",2018,18
"Sanctuary",2008,7
"Detectorists",2014,16
"Tin Star",2017,18
"The Durrells",2016,7
"Get Shorty",2017,18
"Thirteen",2016,18
"The Returned",2015,18
"Trapped",2015,7
"Informer",2018,18
"Alex Rider",2020,16
"Jesus of Nazareth",1977,7
"Absentia",2017,18
"Grantchester",2014,16
"The Men Who Built America",2012,7
"Too Old to Die Young",2019,18
"Forever",2018,18
"Dororo",2019,18
"Good Girls Revolt",2015,18
"Secret Diary of a Call Girl",2007,18
"Mad Dogs",2015,18
"Home Fires",2015,7
"Jean-Claude Van Johnson",2016,7
"Isabel",2012,7
"Vanity Fair",2018,7
"Lewis",2007,16
"Mad About You",1992,16
"How the Universe Works",2010,7
"Made In Abyss",2017,18
"Hand of God",2014,7
"Silent Witness",1996,16
"Arthur",1996,7
"Howards End",2017,7
"Wildfire",2005,16
"A Gifted Man",2011,7
"Dance Academy",2010,16
"Making the Cut",2020,16
"Man vs. Wild",2006,7
"Breaking In",2011,16
"Bottom",1991,18
"Paatal Lok",2020,18
"Alpha House",2013,16
"NOVA",1974,7
"Hustle",2006,16
"Doctor Thorne",2016,16
"The Royals",2015,16
"Fresh Meat",2011,18
"The League of Gentlemen",1999,18
"American Experience",1988,7
"4 Blocks",2017,7
"The A Word",2016,18
"Small Axe",2020,18
"Breathe",2018,18
"Panic",2021,16
"Survivorman",2004,7
"Sonic the Hedgehog",1993,7
"Mission: Impossible",1966,7
"Between Two Ferns with Zach Galifianakis",2008,16
"Guilt",2016,16
"Grounded for Life",2001,16
"The Last Tycoon",2016,7
"Lore",2017,16
"Cops",1989,18
"Survivor's Remorse",2014,18
"Comrade Detective",2017,18
"A Bit of Fry and Laurie",1989,16
"Wolfblood",2013,7
"Neverland",2011,7
"Just Add Magic",2015,7
"Dark Shadows",1966,7
"The Widow",2019,18
"El Cid",2020,16
"Totally Spies!",2001,7
"Underbelly",2008,18
"Our Girl",2014,16
"Kill Me, Heal Me",2015,16
"Ted Bundy: Falling for a Killer",2020,18
"Dr. Quinn, Medicine Woman",1993,7
"Z: The Beginning of Everything",2017,7
"The Romanoffs",2018,18
"Republic of Doyle",2010,16
"Inside Edge",2017,18
"The Feed",2019,16
"The Last Post",2017,18
"I Shouldn't Be Alive",2005,7
"Halo 4: Forward Unto Dawn",2012,16
"Four More Shots Please",2019,18
"The Lost World",1999,7
"All or Nothing: Tottenham Hotspur",2020,16
"All or Nothing",2016,18
"Appropriate Adult",2011,18
"Picnic at Hanging Rock",2018,16
"Frontline",1983,18
"Little Women",2017,7
"Earth: Final Conflict",1997,7
"The ABC Murders",2018,16
"Indian Summers",2015,7
"Sea Patrol",2007,7
"Inside Men",2012,16
"The Backyardigans",2004,7
"ReGenesis",2004,18
"Ghost Hunters",2004,7
"Blood & Treasure",2019,16
"Betas",2013,18
"The Test: A New Era For Australia's Team",2020,16
"Falling Water",2016,16
"Made in Heaven",2019,18
"Hunting Hitler",2015,16
"A Different World",1987,7
"Wotakoi: Love is Hard for Otaku",2018,16
"Laakhon Mein Ek",2017,16
"Dilbert",1999,7
"Cagney & Lacey",1982,7
"The Reagans",2020,7
"Inazuma Eleven",2008,7
"Drifters",2013,18
"Thunderbirds",1965,7
"The Bernie Mac Show",2001,7
"Dr. G: Medical Examiner",2004,16
"David Copperfield",1999,7
"Say Yes to the Dress",2007,7
"Red Rock",2015,7
"Almost Royal",2014,7
"Wu-Tang Clan: Of Mics and Men",2019,18
"Criminal Minds: Suspect Behavior",2011,16
"Whites",2010,18
"How the States Got Their Shapes",2010,7
"One Mississippi",2016,18
"London Kills",2019,16
"Hell Girl",2005,18
"Grand Blue",2018,18
"Cuffs",2015,16
"Counting Cars",2012,7
"Home and Away",1988,7
"A Very British Coup",1988,18
"Titanic",2012,16
"Texas Rising",2015,16
"Oliver Twist",2007,7
"I Love Dick",2016,16
"Rocco Schiavone",2016,7
"The Collection",2016,18
"Beecham House",2019,16
"The Twelve Kingdoms",2002,16
"The Way We Live Now",2001,16
"Land of the Lustrous",2017,16
"Rowan & Martin's Laugh-In",1967,7
"Touched by an Angel",1994,7
"The Border",2008,7
"American Playboy: The Hugh Hefner Story",2017,18
"The Street",2006,18
"Tales of the Unexpected",1979,7
"My Mother and Other Strangers",2016,16
"Charles II: The Power and The Passion",2003,16
"Moby Dick",1998,7
"A Cook's Tour",2002,16
"Beat",2018,18
"Long Strange Trip",2017,18
"Wahlburgers",2014,16
"Kung Fu Panda: The Paws of Destiny",2018,7
"The Bold and the Beautiful",1987,16
"GRAND PRIX Driver",2018,7
"Moon Embracing the Sun",2012,7
"The Forgotten Army - Azaadi ke liye",2020,18
"RahXephon",2002,16
"Accidentally on Purpose",2009,7
"Hammer House of Horror",1980,18
"Everest: Beyond the Limit",2006,7
"Sarazanmai",2019,7
"The Island with Bear Grylls",2014,16
"Hotel Impossible",2012,7
"Zoboomafoo",1999,7
"Jessica",2004,16
"The Passing Bells",2014,7
"Pandora",2019,7
"The Hunger",1997,18
"Lorena",2019,18
"You Are Wanted",2017,7
"7 Deadly Sins",2014,18
"Grace Under Fire",1993,7
"Himouto! Umaru-chan",2015,16
"All or Nothing: New Zealand All Blacks",2018,16
"Teen Mom OG",2009,7
"Miami Ink",2005,7
"Beowulf: Return to the Shieldlands",2016,7
"Cosby",1996,7
"The Real McCoys",1957,16
"Safe House",2015,18
"Secret Agent",1965,7
"Tandav",2021,18
"The New Yorker Presents",2016,18
"Oddities",2010,7
"The Secret World of Nature: Spain",2020,7
"Aristocrats",1999,7
"Murder Calls",2017,16
"Bat Masterson",1958,16
"Becoming Human",2011,16
"The Jury",2002,18
"James May's Toy Stories",2009,7
"Prime Suspect: Tennison",2017,16
"Ax Men",2008,7
"On Death Row",2012,16
"El Presidente",2020,16
"Celebrity Ghost Stories",2009,7
"Mike Hammer",1984,7
"Bridget & Eamon",2016,16
"Le Mans: Racing is Everything",2017,7
"Superheroes: A Never-Ending Battle",2013,7
"King of the Road",2016,16
"The Delivery Man",2015,16
"Battle 360o",2008,7
"This Giant Beast That is the Global Economy",2019,16
"Strange Empire",2014,16
"The Greatest Love",2011,16
"Cybersix",1999,16
"The Dangerous Book for Boys",2018,7
"Empresses In The Palace",2011,7
"Survive This",2009,7
"Girls' Last Tour",2017,16
"Grimoire of Zero",2017,16
"After the Rain",2018,18
"The Ruth Rendell Mysteries",1987,16
"Blade of the Immortal",2008,16
"Re:Creators",2017,18
"Just Because!",2017,7
"Yuki Yuna is a Hero",2014,16
"Boarding School Juliet",2018,16
"This Is Football",2019,16
"Valemont",2009,7
"Ronja the Robber's Daughter",2014,7
"Rebel",2017,16
"Curiosity",2011,16
"One Night Stand",1989,18
"Mr. Osomatsu",2015,16
"The Cyanide & Happiness Show",2014,18
"Welcome to the Ballroom",2017,16
"Flash Gordon",2007,7
"Deal or No Deal",2005,7
"American Ripper",2017,16
"Hoarding: Buried Alive",2010,7
"Street Fighter: Resurrection",2016,16
"A Fortunate Life",1986,7
"The Gymkhana Files",2018,18
"Lost in Oz",2015,7
"The Eleven",2017,16
"Do You Love Your Mom and Her Two-Hit Multi-Target Attacks?",2019,16
"MonsterQuest",2007,7
"Budding Prospects",2017,18
"Tenspeed and Brown Shoe",1980,7
"Marcia Clark Investigates The First 48",2018,16
"Goku Midnight Eye",1989,18
"Samurai Girls",2010,18
"True Tears",2008,7
"Love and Lies",2017,16
"HBO Comedy Half-Hour",1994,7
"Princess Principal",2017,18
"Acapulco H.E.A.T.",1993,16
"UFO Files",2004,7
"Porterhouse Blue",1987,18
"Ivanhoe",1997,7
"Bikini Destinations",2003,18
"IRODUKU: The World in Colors",2018,16
"Crime Investigation Australia",2005,18
"The Simple Life",2003,16
"Pequenas coincidencias",2018,7
"UFO Hunters",2008,7
"Transformers: Combiner Wars",2016,16
"All or Nothing: Brazil National Team",2020,16
"Kannazuki no Miko",2004,16
"Soviet Storm: WWII in the East",2011,7
"Charlie's Angels",2011,16
"The Underground",2006,18
"Eat the World with Emeril Lagasse",2016,16
"Pandora's Box",2012,16
"Oasis",2017,18
"Merlin's Apprentice",2006,16
"Fireball XL5",1962,7
"Wild Boys",2011,7
"The Annoying Orange",2009,7
"Costume Quest",2019,7
"Spaceballs: The Animated Series",2008,18
"Kokkoku, Moment by Moment",2018,18
"Sex Sent Me to the ER",2013,18
"Dino Dan",2009,7
"Mars Rising",2007,7
"All or Nothing: The Dallas Cowboys",2018,18
"Girl/Girl Scene",2010,18
"Nanny 911",2004,7
"When We Go to War",2015,16
"Bad Guy",2010,16
"Comicstaan",2018,18
"After Hours",2015,16
"Killing Bites",2018,18
"Music & Murder",2016,18
"Benito: The Rise and Fall of Mussolini",1994,18
"La Femme Musketeer",2004,7
"Psychic Investigators",2006,7
"Fluffy's Food Adventures",2015,7
"Amish Mafia",2012,16
"Circus",2010,7
"Storage Wars: Northern Treasures",2017,18
"Your Bleeped Up Brain",2013,7
"Wildest Africa",2013,7
"Brum",1994,7
"Most Haunted",2002,7
"Londongrad",2015,7
"Barter Kings",2012,7
"A Woman Named Jackie",1991,7
"Category 7: The End of the World",2005,7
"For the Love of Jason",2020,18
"Shadow Force",2008,16
"America Divided",2016,16
"Cool McCool",1966,7
"Greatest Tank Battles",2010,7
"We'll Meet Again",1982,7
"Sworn to Secrecy: Secrets of War",1998,16
"Jestination Unknown",2019,16
"Impostors",2014,16
"Cosmic Quantum Ray",2010,7
"Boundless",2013,7
"The Vigilantes in Masks",2011,16
"Prime Rewind: Inside the Boys",2020,18
"If You Give a Mouse a Cookie",2015,7
"Billion Dollar Wreck",2016,7
"Disasters of the Century",2004,7
"Noveltoon",1943,7
"FBI Takedowns",2015,7
"Bad Ink",2013,16
"WWII in the Pacific",2015,7
"Glenn Martin, DDS",2009,16
"I Am Innocent",2015,18
"Dance Moms: Miami",2012,16
"Knock Knock Ghost",2015,13
"Killer Wave",2007,16
"Big Easy Motors",2016,7
"Big Shrimpin'",2011,16
"Inside Jokes",2018,16
"Fanny by Gaslight",1981,18
"72 Hours",2013,16
"Ghost Dimension",2016,7
"Wir Geiseln der SS",2015,7
"The Surgeons",2003,16
"Brandi and Jarrod: Married to the Job",2014,7
"Gangster Empire: Rise of the Mob",2013,16
"The Suspects: True Australian Thrillers",2010,16
"The Irish Mob",2016,16
"Wendy",2013,7
"American Daredevils",2013,16
"Nerve Center",2012,7
"JFK - A New World Order",2013,7
"The Hollywood Puppet Show",2017,16
"Loki",2021,16
"The Mandalorian",2019,16
"WandaVision",2021,16
"The Falcon and the Winter Soldier",2021,16
"Star Wars: The Clone Wars",2008,7
"Once Upon a Time",2011,7
"Marvel's Agent Carter",2015,7
"The Bad Batch",2021,7
"Star Wars Rebels",2014,7
"The Owl House",2020,7
"The Mysterious Benedict Society",2021,7
"High School Musical: The Musical: The Series",2019,7
"Dinosaurs",1991,7
"Big Shot",2021,7
"Disney Gallery / Star Wars: The Mandalorian",2020,7
"The Imagineering Story",2019,7
"DuckTales",1987,7
"Star Wars: Clone Wars",2003,7
"Wolverine and the X-Men",2009,7
"Marvel Studios: Assembled",2021,7
"Once Upon a Time in Wonderland",2013,7
"Marvel Studios: Legends",2021,16
"The Avengers: Earth's Mightiest Heroes",2010,7
"The World According to Jeff Goldblum",2019,7
"Marvel's Ultimate Spider-Man",2012,7
"Amphibia",2019,7
"Gargoyles",1994,7
"Darkwing Duck",1991,7
"The Right Stuff",2020,16
"The Muppets",2015,7
"TRON: Uprising",2012,7
"The Mighty Ducks: Game Changers",2021,7
"Marvel's Avengers Assemble",2013,7
"Recess",1997,7
"Doug",1991,7
"Cosmos: Possible Worlds",2020,7
"Marvel's Inhumans",2017,7
"Gordon Ramsay: Uncharted",2019,16
"Star Wars Resistance",2018,7
"Turner & Hooch",2021,7
"Behind the Attraction",2021,7
"Secrets of Sulphur Springs",2021,7
"Lab Rats",2012,7
"So Weird",1999,7
"Brain Games",2011,7
"Schoolhouse Rock",1973,7
"Phil of the Future",2004,7
"Marvel's Guardians of the Galaxy",2015,7
"Encore!",2019,7
"Marvel's Spider-Man",2017,7
"Diary of a Future President",2020,7
"Spider-Man and His Amazing Friends",1981,7
"Spider-Man Unlimited",1999,7
"Big City Greens",2018,7
"Wicked Tuna",2012,16
"Big Hero 6 The Series",2017,7
"Iron Man: Armored Adventures",2009,7
"Pair of Kings",2010,7
"Mighty Med",2013,7
"Secrets of the Whales",2021,7
"Hostile Planet",2019,7
"Fantastic Four",1994,7
"Pixar Popcorn",2021,7
"Lab Rats: Elite Force",2016,7
"Silver Surfer",1998,7
"Muppets Now",2020,7
"Earth to Ned",2020,7
"Into the Unknown: Making Frozen II",2020,7
"Prop Culture",2020,7
"Fantastic Four: World's Greatest Heroes",2006,7
"Drain the Oceans",2018,7
"The Replacements",2006,7
"Port Protection Alaska",2015,16
"Marvel's Hulk and the Agents of S.M.A.S.H",2013,7
"Super Robot Monkey Team Hyperforce Go!",2004,7
"Quack Pack",1996,7
"Mighty Ducks: The Animated Series",1996,7
"Marvel's Hero Project",2019,7
"Iron Man",1994,7
"On Pointe",2020,7
"Dr. Ks Exotic Animal ER",2014,7
"Pick of the Litter",2019,7
"Magic of Disney's Animal Kingdom",2020,7
"Adventures in Wonderland",1992,7
"The Super Hero Squad Show",2009,7
"Critter Fixers: Country Vets",2020,16
"LEGO Star Wars: Droid Tales",2015,7
"Shark Attack Files",2021,16
"The Avengers: United They Stand",1999,7
"Marvel's Future Avengers",2017,7
"Just Roll With It",2019,7
"101 Dalmatian Street",2019,7
"Year Million",2017,16
"Rogue Trip",2020,7
"Disney's Fairy Tale Weddings",2017,7
"Continent 7: Antarctica",2016,7
"Marvel's Rocket & Groot",2017,7
"Take Two with Phineas and Ferb",2010,7
"Animal ER",2016,16
"Kirby Buckets",2014,7
"Becoming",2020,16
"Walk the Prank",2016,7
"It's a Dog's Life with Bill Farmer",2020,7
"Wild Sri Lanka",2015,7
"Alaska's Grizzly Gauntlet",2018,7
"Billy Dilley's Super-Duper Subterranean Summer",2017,7
"LEGO Star Wars: All-Stars",2018,7
"Wild Chile",2018,7
